<application>
  <component name="FileTypeManager" version="18">
    <extensionMap>
      <mapping ext="tmp" type="PLAIN_TEXT" />
      <mapping ext="out" type="PLAIN_TEXT" />
      <mapping ext="toml" type="PLAIN_TEXT" />
      <removed_mapping ext="txt" approved="true" type="PLAIN_TEXT" />
      <mapping ext="gradle.kts" type="Kotlin" />
      <mapping ext="main.kts" type="Kotlin" />
      <mapping ext="plantuml" type="PlantUML file" />
      <mapping ext="space.kts" type="Kotlin" />
    </extensionMap>
  </component>
</application>