<application>
  <component name="FindSettings">
    <option name="customScope" value="All Places" />
    <option name="defaultScopeName" value="All Places" />
    <option name="localRegularExpressions" value="true" />
    <option name="LOCAL_REGULAR_EXPRESSIONS" value="true" />
    <option name="SEARCH_SCOPE" value="All Places" />
    <option name="FILE_MASK" value="*.java" />
    <mask>go.mod</mask>
    <mask>*_test.go</mask>
    <mask>*.go</mask>
    <mask>*.py</mask>
    <mask>*.css</mask>
    <mask>*.html</mask>
    <mask>*.xml</mask>
    <mask>*.jsp</mask>
    <mask>*.properties</mask>
    <mask>*.java</mask>
  </component>
</application>